{
  "SSIM": {
    "/d01/luis/outputs_preliminares_1": 0.7502235174179077,
    "/d01/luis/outputs_preliminares_2": 0.9316549301147461,
    "/d01/luis/outputs_preliminares_3": 0.8960917592048645,
    "/d01/luis/outputs_preliminares_4": 0.8958600759506226,
    "/d01/luis/outputs_preliminares_5": 0.5846671462059021,
    "/d01/luis/outputs_preliminares_6": 0.8432102799415588,
    "/d01/luis/outputs_preliminares_7": 0.9144766926765442,
    "/d01/luis/outputs_preliminares_8": 0.9012048244476318,
    "/d01/luis/outputs_preliminares_9": 0.9103646874427795,
    "/d01/luis/outputs_preliminares_10": 0.756932258605957,
    "/d01/luis/outputs_preliminares_11": 0.7965236902236938,
    "/d01/luis/outputs_preliminares_12": 0.6208475232124329,
    "/d01/luis/outputs_preliminares_13": 0.8670157790184021,
    "/d01/luis/outputs_preliminares_hilbert_1": 0.750679075717926,
    "/d01/luis/outputs_preliminares_hilbert_2": 0.9306818246841431,
    "/d01/luis/outputs_preliminares_hilbert_3": 0.8957282900810242,
    "/d01/luis/outputs_preliminares_hilbert_4": 0.8960386514663696,
    "/d01/luis/outputs_preliminares_hilbert_5": 0.5839987397193909,
    "/d01/luis/outputs_preliminares_hilbert_6": 0.8438214659690857,
    "/d01/luis/outputs_preliminares_hilbert_7": 0.9150258898735046,
    "/d01/luis/outputs_preliminares_hilbert_8": 0.9010400176048279,
    "/d01/luis/outputs_preliminares_hilbert_9": 0.9113035798072815,
    "/d01/luis/outputs_preliminares_hilbert_10": 0.7574518322944641,
    "/d01/luis/outputs_preliminares_hilbert_11": 0.7980135083198547,
    "/d01/luis/outputs_preliminares_hilbert_12": 0.6202986836433411,
    "/d01/luis/outputs_preliminares_hilbert_13": 0.8662886619567871,
    "/d01/luis/outputs_preliminares_hilbert_18_1": 0.7497601509094238,
    "/d01/luis/outputs_preliminares_hilbert_18_2": 0.9310716390609741,
    "/d01/luis/outputs_preliminares_hilbert_18_3": 0.8956776857376099,
    "/d01/luis/outputs_preliminares_hilbert_18_4": 0.8963619470596313,
    "/d01/luis/outputs_preliminares_hilbert_18_5": 0.5848941802978516,
    "/d01/luis/outputs_preliminares_hilbert_18_6": 0.8444018959999084,
    "/d01/luis/outputs_preliminares_hilbert_18_7": 0.9146841764450073,
    "/d01/luis/outputs_preliminares_hilbert_18_8": 0.9016432762145996,
    "/d01/luis/outputs_preliminares_hilbert_18_9": 0.9111343622207642,
    "/d01/luis/outputs_preliminares_hilbert_18_10": 0.7569174766540527,
    "/d01/luis/outputs_preliminares_hilbert_18_11": 0.7991876006126404,
    "/d01/luis/outputs_preliminares_hilbert_18_12": 0.6200616359710693,
    "/d01/luis/outputs_preliminares_hilbert_18_13": 0.8672680854797363,
    "/d01/luis/outputs_preliminares_sensitivity_softmax_1": 0.8289609551429749,
    "/d01/luis/outputs_preliminares_sensitivity_softmax_2": 0.9296392202377319,
    "/d01/luis/outputs_preliminares_sensitivity_softmax_3": 0.8941791653633118,
    "/d01/luis/outputs_preliminares_sensitivity_softmax_5": 0.5812413692474365,
    "/d01/luis/outputs_preliminares_sensitivity_softmax_6": 0.8418472409248352,
    "/d01/luis/outputs_preliminares_sensitivity_softmax_7": 0.9135847091674805,
    "/d01/luis/outputs_preliminares_sensitivity_softmax_8": 0.9010240435600281,
    "/d01/luis/outputs_preliminares_sensitivity_softmax_11": 0.7972750067710876,
    "/d01/luis/outputs_preliminares_sensitivity_softmax_12": 0.6187525987625122,
    "/d01/luis/outputs_preliminares_sensitivity_softmax_13": 0.8664274215698242
  },
  "PSNR": {
    "/d01/luis/outputs_preliminares_1": 24.940908432006836,
    "/d01/luis/outputs_preliminares_2": 31.3592529296875,
    "/d01/luis/outputs_preliminares_3": 28.647207260131836,
    "/d01/luis/outputs_preliminares_4": 28.87187385559082,
    "/d01/luis/outputs_preliminares_5": 21.13671112060547,
    "/d01/luis/outputs_preliminares_6": 26.701393127441406,
    "/d01/luis/outputs_preliminares_7": 30.31153678894043,
    "/d01/luis/outputs_preliminares_8": 29.857139587402344,
    "/d01/luis/outputs_preliminares_9": 31.084163665771484,
    "/d01/luis/outputs_preliminares_10": 26.260356903076172,
    "/d01/luis/outputs_preliminares_11": 21.617755889892578,
    "/d01/luis/outputs_preliminares_12": 22.247779846191406,
    "/d01/luis/outputs_preliminares_13": 24.830453872680664,
    "/d01/luis/outputs_preliminares_hilbert_1": 24.98395538330078,
    "/d01/luis/outputs_preliminares_hilbert_2": 31.282140731811523,
    "/d01/luis/outputs_preliminares_hilbert_3": 28.61290740966797,
    "/d01/luis/outputs_preliminares_hilbert_4": 28.949012756347656,
    "/d01/luis/outputs_preliminares_hilbert_5": 21.13365364074707,
    "/d01/luis/outputs_preliminares_hilbert_6": 26.709226608276367,
    "/d01/luis/outputs_preliminares_hilbert_7": 30.288545608520508,
    "/d01/luis/outputs_preliminares_hilbert_8": 29.878929138183594,
    "/d01/luis/outputs_preliminares_hilbert_9": 31.110107421875,
    "/d01/luis/outputs_preliminares_hilbert_10": 26.305423736572266,
    "/d01/luis/outputs_preliminares_hilbert_11": 21.837753295898438,
    "/d01/luis/outputs_preliminares_hilbert_12": 22.241865158081055,
    "/d01/luis/outputs_preliminares_hilbert_13": 24.76291847229004,
    "/d01/luis/outputs_preliminares_hilbert_18_1": 24.951356887817383,
    "/d01/luis/outputs_preliminares_hilbert_18_2": 31.301189422607422,
    "/d01/luis/outputs_preliminares_hilbert_18_3": 28.59524917602539,
    "/d01/luis/outputs_preliminares_hilbert_18_4": 28.93857765197754,
    "/d01/luis/outputs_preliminares_hilbert_18_5": 21.15717887878418,
    "/d01/luis/outputs_preliminares_hilbert_18_6": 26.764192581176758,
    "/d01/luis/outputs_preliminares_hilbert_18_7": 30.300975799560547,
    "/d01/luis/outputs_preliminares_hilbert_18_8": 29.929122924804688,
    "/d01/luis/outputs_preliminares_hilbert_18_9": 31.113046646118164,
    "/d01/luis/outputs_preliminares_hilbert_18_10": 26.300626754760742,
    "/d01/luis/outputs_preliminares_hilbert_18_11": 21.83683967590332,
    "/d01/luis/outputs_preliminares_hilbert_18_12": 22.26506805419922,
    "/d01/luis/outputs_preliminares_hilbert_18_13": 24.84064292907715,
    "/d01/luis/outputs_preliminares_sensitivity_softmax_1": 26.493858337402344,
    "/d01/luis/outputs_preliminares_sensitivity_softmax_2": 31.19627571105957,
    "/d01/luis/outputs_preliminares_sensitivity_softmax_3": 28.574800491333008,
    "/d01/luis/outputs_preliminares_sensitivity_softmax_5": 21.109466552734375,
    "/d01/luis/outputs_preliminares_sensitivity_softmax_6": 26.67402458190918,
    "/d01/luis/outputs_preliminares_sensitivity_softmax_7": 30.243820190429688,
    "/d01/luis/outputs_preliminares_sensitivity_softmax_8": 29.825130462646484,
    "/d01/luis/outputs_preliminares_sensitivity_softmax_11": 21.762710571289062,
    "/d01/luis/outputs_preliminares_sensitivity_softmax_12": 22.192584991455078,
    "/d01/luis/outputs_preliminares_sensitivity_softmax_13": 24.80094337463379
  },
  "LPIPS": {
    "/d01/luis/outputs_preliminares_1": 0.24086244404315948,
    "/d01/luis/outputs_preliminares_2": 0.21969547867774963,
    "/d01/luis/outputs_preliminares_3": 0.21764227747917175,
    "/d01/luis/outputs_preliminares_4": 0.25753065943717957,
    "/d01/luis/outputs_preliminares_5": 0.35850536823272705,
    "/d01/luis/outputs_preliminares_6": 0.14497780799865723,
    "/d01/luis/outputs_preliminares_7": 0.14118024706840515,
    "/d01/luis/outputs_preliminares_8": 0.2564716041088104,
    "/d01/luis/outputs_preliminares_9": 0.23505103588104248,
    "/d01/luis/outputs_preliminares_10": 0.2501356303691864,
    "/d01/luis/outputs_preliminares_11": 0.22983752191066742,
    "/d01/luis/outputs_preliminares_12": 0.3510235846042633,
    "/d01/luis/outputs_preliminares_13": 0.16252657771110535,
    "/d01/luis/outputs_preliminares_hilbert_1": 0.2407539188861847,
    "/d01/luis/outputs_preliminares_hilbert_2": 0.22037243843078613,
    "/d01/luis/outputs_preliminares_hilbert_3": 0.21771803498268127,
    "/d01/luis/outputs_preliminares_hilbert_4": 0.2573009431362152,
    "/d01/luis/outputs_preliminares_hilbert_5": 0.3595651388168335,